{
  "Values": {
    "-1272830973": {
      "GoToTarget": 41.9946976
    },
    "-1273321083": {
      "OpenDoor": -99.83716,
      "UnlockDoor": 52.8553772
    },
    "-1272830880": {
      "GoToTarget": 64.86146
    },
    "-1273321145": {
      "GoToTarget": 92.00841
    },
    "-1273320990": {
      "GoToTarget": 58.0721321,
      "PickUpKey": 77.01744
    },
    "-1273321269": {
      "GoToTarget": 0.0
    },
    "-1898983816": {
      "GoToTarget": 10.1357517
    },
    "-1899473926": {
      "OpenDoor": 27.9643021,
      "UnlockDoor": 0.0
    },
    "-1898983723": {
      "GoToTarget": 0.0
    },
    "-1899473988": {
      "GoToTarget": 73.07749
    }
  },
  "MaxValue": 92.00841
}