{
  "Values": {
    "-1272830973": {
      "GoToTarget": 39.7310143
    },
    "-1273321083": {
      "OpenDoor": -99.83716,
      "UnlockDoor": 50.4729843
    },
    "-1272830880": {
      "GoToTarget": 63.4648438
    },
    "-1273321145": {
      "GoToTarget": 91.84342
    },
    "-1273320990": {
      "GoToTarget": 58.0721321,
      "PickUpKey": 76.31768
    },
    "-1273321269": {
      "GoToTarget": 0.0
    },
    "-1898983816": {
      "GoToTarget": 4.550557
    },
    "-1899473926": {
      "OpenDoor": 17.06957,
      "UnlockDoor": 0.0
    },
    "-1898983723": {
      "GoToTarget": 0.0
    },
    "-1899473988": {
      "GoToTarget": 63.7518234
    }
  },
  "MaxValue": 91.84342
}