{
  "Values": {
    "-1272830973": {
      "GoToTarget": 45.4229
    },
    "-1273321083": {
      "OpenDoor": -99.83716,
      "UnlockDoor": 54.80424
    },
    "-1272830880": {
      "GoToTarget": 64.18152
    },
    "-1273321145": {
      "GoToTarget": 90.13739
    },
    "-1273320990": {
      "GoToTarget": 58.0721321,
      "PickUpKey": 74.07594
    },
    "-1273321269": {
      "GoToTarget": 0.0
    },
    "-1898983816": {
      "GoToTarget": 55.40225
    },
    "-1899473926": {
      "OpenDoor": 73.0202255,
      "UnlockDoor": 0.0
    },
    "-1898983723": {
      "GoToTarget": 0.0
    },
    "-1899473988": {
      "GoToTarget": 89.20468
    }
  },
  "MaxValue": 92.08447
}