{
  "Values": {
    "-1272830973": {
      "GoToTarget": 43.703907
    },
    "-1273321083": {
      "OpenDoor": -99.83716,
      "UnlockDoor": 54.4760361
    },
    "-1272830880": {
      "GoToTarget": 65.75521
    },
    "-1273321145": {
      "GoToTarget": 92.08447
    },
    "-1273320990": {
      "GoToTarget": 58.0721321,
      "PickUpKey": 77.4199142
    },
    "-1273321269": {
      "GoToTarget": 0.0
    },
    "-1898983816": {
      "GoToTarget": 30.4888172
    },
    "-1899473926": {
      "OpenDoor": 53.7328262,
      "UnlockDoor": 0.0
    },
    "-1898983723": {
      "GoToTarget": 0.0
    },
    "-1899473988": {
      "GoToTarget": 86.38909
    }
  },
  "MaxValue": 92.08447
}