{
  "Values": {
    "546": {
      "MoveToCover": 99.2863159,
      "FakeMove": 99.0617447,
      "MoveToEnemySight": -81.73038,
      "MoveToCheckpoint": 98.0123138,
      "MoveToRandom": 77.61757,
      "WaitForReload": 73.1510544,
      "MoveAndFire": 0.0
    },
    "0": {
      "AcquireEnemy": 76.64064,
      "MoveAndFire": 44.6101265,
      "WaitForReload": 55.56807,
      "KillEnemy": -70.96821,
      "MoveToCheckpoint": 0.0,
      "MoveToCover": 0.0,
      "MoveToEnemySight": 0.0,
      "MoveToRandom": -0.5
    },
    "508": {
      "MoveAndFire": -62.9873962,
      "WaitForReload": 0.0
    }
  },
  "MaxValue": 134.281067
}