{"18":{"ExperimentalTherapy":13.8035889,"IntensiveTherapy":7.44205,"AttendTherapy":-35.97728},"35762488":{"WalkToTarget":-44.9506378,"RunToTarget":-35.9778748,"ExtremeRunning":-55.4244537,"AttendTherapy":85.7871552},"-846293180":{"WalkToTarget":-19.0441742,"RunToTarget":-43.5665321,"ExtremeRunning":67.9289,"SellFish":-21.2505951,"SellSeeds":190.382126,"ExperimentalTherapy":277.321625,"IntensiveTherapy":-42.7018738,"GetFish":-98.82974,"GetSeeds":-19.79171},"-1462342573":{"WalkToTarget":-27.615181,"RunToTarget":37.5223846,"ExtremeRunning":196.028366,"GetFish":-30.5270538,"GetSeeds":370.030518}}