{"18":{"OpenDoor":-326.174133,"UnlockDoor":279.208679},"-1670867446":{"GoToTarget":275.089478},"1414245460":{"GetKey":256.337128},"-1273337381":{"GoToTarget":222.773239},"204392645":{"GoToTarget":291.0086}}